ID,number,author1,year,journal,study,country,continent,longitude,latitude,MAT,MAP,AI,BD,sand,clay,SOC,CN,pH,cash.crop,N.rate,CC.type,biomass.N,CN.ratio,residue.management,termination.time,N2O.ck (kg/ha),N2O.csd,N2O.cn,N2O.t,N2O.tsd,N2O.tn,rrN2O,varN2O,yield.ck (kg/ha),yield.csd,yield.cn,yield.t,yield.tsd,yield.tn,rryield,varyield
1,1,Gong,2021,SOIL & TILLAGE RESEARCH,1,Japan,Asia,140.2,36.03333333,14.1916666,1356,1.195,1.095,47.3,16.8,38,16.29502573,6.6,soybean,0,legume,55.80 ,15.50 ,incorporated,early,0.989932886,0.35581702,4,0.791946309,0.284653616,4,-0.223143551,0.064596939,2300,301.5143816,4,2300,301.5143816,4,0,0.008592715
2,1,Gong,2021,SOIL & TILLAGE RESEARCH,1,Japan,Asia,140.2,36.03333333,14.1916666,1356,1.195,1.095,47.3,16.8,38,16.29502573,6.6,soybean,0,non-legume,92.40 ,57.30 ,incorporated,early,0.989932886,0.35581702,4,0.580536913,0.208665574,4,-0.533683762,0.064596939,2300,301.5143816,4,2900,380.1703073,4,0.231801614,0.008592715
3,1,Gong,2021,SOIL & TILLAGE RESEARCH,1,Japan,Asia,140.2,36.03333333,14.1916666,1356,1.195,1.095,47.3,16.8,38,16.29502573,6.6,soybean,0,legume,74.40 ,15.50 ,surface,early,0.922818792,0.331693832,4,1.288590604,0.463165205,4,0.333871455,0.064596939,3100,406.3889492,4,2400,314.6237026,4,-0.255933374,0.008592715
4,1,Gong,2021,SOIL & TILLAGE RESEARCH,1,Japan,Asia,140.2,36.03333333,14.1916666,1356,1.195,1.095,47.3,16.8,38,16.29502573,6.6,soybean,0,non-legume,82.50 ,57.30 ,surface,early,0.922818792,0.331693832,4,1.073825503,0.385971004,4,0.151549898,0.064596939,3100,406.3889492,4,3000,393.2796282,4,-0.032789823,0.008592715
5,2,Kim,2013,PLANT AND SOIL,2,South Korea,Asia,128.0963333,35.14902778,13.13333321,1389,1.1624,1.2,36.95833333,19.08333333,8.99071926,6.352069563,6.6,rice,110,non-legume,53.59 ,64.30 ,incorporated,mid,2.515151515,1.818181818,3,2.303030303,0.818181818,3,-0.088107267,0.216261376,5435.897436,641.025641,3,7000,205.1282051,3,0.25288552,0.00492164
6,2,Kim,2013,PLANT AND SOIL,2,South Korea,Asia,128.0963333,35.14902778,13.13333321,1389,1.1624,1.2,36.95833333,19.08333333,8.99071926,6.352069563,6.6,rice,110,legume,115.27 ,14.80 ,incorporated,mid,2.515151515,1.818181818,3,3.015151515,0.303030303,3,0.181317036,0.177557657,5435.897436,641.025641,3,7333.333333,76.92307692,3,0.299405536,0.004672075
7,3,Hwang,2017,GEODERMA,3,South Korea,Asia,128.4333333,36.83333333,13.2,1515.5,1.3346,1.28,38.375,21.25,14,12.68115942,6.5,rice,90,non-legume,50.00 ,,incorporated,late,6.6,2.372274286,3,1.7,0.611040346,3,-1.356441398,0.086129251,6769.230769,384.6153846,3,6230.769231,307.6923077,3,-0.08288766,0.001888986
8,3,Hwang,2017,GEODERMA,3,South Korea,Asia,128.4333333,36.83333333,13.2,1515.5,1.3346,1.28,38.375,21.25,14,12.68115942,6.5,rice,90,legume,102.00 ,,incorporated,late,6.6,2.372274286,3,5.6,2.012838788,3,-0.164303051,0.086129251,6769.230769,384.6153846,3,7153.846154,538.4615385,3,0.055262679,0.002964567
9,3,Hwang,2017,GEODERMA,3,South Korea,Asia,128.4333333,36.83333333,13.2,1515.5,1.3346,1.28,38.375,21.25,14,12.68115942,6.5,rice,90,mixture,125.00 ,,incorporated,late,6.6,2.372274286,3,5.2,1.869064589,3,-0.238411023,0.086129251,6769.230769,384.6153846,3,8500,615.3846154,3,0.227678707,0.002823268
10,4,Lee,2022,SCIENCE OF THE TOTAL ENVIRONMENT,3,South Korea,Asia,128.4333333,36.83333333,13.2,1515.5,1.3346,1.228,38.375,21.25,14.6,10.42857143,6.5,maize,0,mixture,71.00 ,18.70 ,incorporated,late,2.3,0.826701645,3,2.7,0.970475844,3,0.16034265,0.086129251,5400,707.9033308,3,6500,852.1058612,3,0.185403223,0.011456953
11,4,Lee,2022,SCIENCE OF THE TOTAL ENVIRONMENT,3,South Korea,Asia,128.4333333,36.83333333,13.2,1515.5,1.3346,1.228,38.375,21.25,14.6,10.42857143,6.5,maize,0,mixture,141.99 ,18.70 ,incorporated,late,2.3,0.826701645,3,3,1.078306494,3,0.265703166,0.086129251,5400,707.9033308,3,7100,930.7617868,3,0.27369583,0.011456953
12,4,Lee,2022,SCIENCE OF THE TOTAL ENVIRONMENT,3,South Korea,Asia,128.4333333,36.83333333,13.2,1515.5,1.3346,1.228,38.375,21.25,14.6,10.42857143,6.5,maize,0,mixture,283.98 ,18.70 ,incorporated,late,2.3,0.826701645,3,4.1,1.473685541,3,0.578077851,0.086129251,5400,707.9033308,3,9200,1206.057527,3,0.53280453,0.011456953
13,4,Lee,2022,SCIENCE OF THE TOTAL ENVIRONMENT,3,South Korea,Asia,128.4333333,36.83333333,13.2,1515.5,1.3346,1.228,38.375,21.25,14.6,10.42857143,6.5,maize,0,mixture,71.00 ,18.70 ,incorporated,late,3.7,1.329911342,3,4.3,1.545572641,3,0.150282203,0.086129251,6600,865.2151821,3,9000,1179.838885,3,0.310154928,0.011456953
14,4,Lee,2022,SCIENCE OF THE TOTAL ENVIRONMENT,3,South Korea,Asia,128.4333333,36.83333333,13.2,1515.5,1.3346,1.228,38.375,21.25,14.6,10.42857143,6.5,maize,0,mixture,141.99 ,18.70 ,incorporated,late,3.7,1.329911342,3,4.8,1.72529039,3,0.260283098,0.086129251,6600,865.2151821,3,10900,1428.915983,3,0.50169314,0.011456953
15,4,Lee,2022,SCIENCE OF THE TOTAL ENVIRONMENT,3,South Korea,Asia,128.4333333,36.83333333,13.2,1515.5,1.3346,1.228,38.375,21.25,14.6,10.42857143,6.5,maize,0,mixture,283.98 ,18.70 ,incorporated,late,3.7,1.329911342,3,5.6,2.012838788,3,0.414433778,0.086129251,6600,865.2151821,3,13600,1782.867648,3,0.723000144,0.011456953
16,4,Lee,2022,SCIENCE OF THE TOTAL ENVIRONMENT,3,South Korea,Asia,128.4333333,36.83333333,13.2,1515.5,1.3346,1.228,38.375,21.25,14.6,10.42857143,6.5,maize,0,mixture,46.42 ,18.70 ,incorporated,late,2.3,0.826701645,3,2.7,0.970475844,3,0.16034265,0.086129251,2100,275.2957398,3,2800,367.0609864,3,0.287682072,0.011456953
17,4,Lee,2022,SCIENCE OF THE TOTAL ENVIRONMENT,3,South Korea,Asia,128.4333333,36.83333333,13.2,1515.5,1.3346,1.228,38.375,21.25,14.6,10.42857143,6.5,maize,0,mixture,92.84 ,18.70 ,incorporated,late,2.3,0.826701645,3,3,1.078306494,3,0.265703166,0.086129251,2100,275.2957398,3,3800,498.1541958,3,0.593063722,0.011456953
18,4,Lee,2022,SCIENCE OF THE TOTAL ENVIRONMENT,3,South Korea,Asia,128.4333333,36.83333333,13.2,1515.5,1.3346,1.228,38.375,21.25,14.6,10.42857143,6.5,maize,0,mixture,185.68 ,18.70 ,incorporated,late,2.3,0.826701645,3,4.1,1.473685541,3,0.578077851,0.086129251,2100,275.2957398,3,5300,694.7940099,3,0.925769476,0.011456953
19,4,Lee,2022,SCIENCE OF THE TOTAL ENVIRONMENT,3,South Korea,Asia,128.4333333,36.83333333,13.2,1515.5,1.3346,1.228,38.375,21.25,14.6,10.42857143,6.5,maize,0,mixture,46.42 ,18.70 ,incorporated,late,2.4,0.862645195,3,3.3,1.186137143,3,0.318453731,0.086129251,3100,406.3889492,3,4300,563.7008005,3,0.327212911,0.011456953
20,4,Lee,2022,SCIENCE OF THE TOTAL ENVIRONMENT,3,South Korea,Asia,128.4333333,36.83333333,13.2,1515.5,1.3346,1.228,38.375,21.25,14.6,10.42857143,6.5,maize,0,mixture,92.84 ,18.70 ,incorporated,late,2.4,0.862645195,3,3.9,1.401798442,3,0.485507816,0.086129251,3100,406.3889492,3,6100,799.6685774,3,0.67688666,0.011456953
21,4,Lee,2022,SCIENCE OF THE TOTAL ENVIRONMENT,3,South Korea,Asia,128.4333333,36.83333333,13.2,1515.5,1.3346,1.228,38.375,21.25,14.6,10.42857143,6.5,maize,0,mixture,185.68 ,18.70 ,incorporated,late,2.4,0.862645195,3,4.6,1.65340329,3,0.650587566,0.086129251,3100,406.3889492,3,8000,1048.745675,3,0.94803943,0.011456953
22,5,Kim,2017,ATMOSPHERIC ENVIRONMENT,3,South Korea,Asia,128.4333333,36.83333333,13.2,1515.5,1.3346,1.256,38.375,21.25,14.2,10.92307692,7.4,maize,0,mixture,76.00 ,17.40 ,incorporated,late,0.88,0.11,3,1.854285714,0.141428571,3,0.745332934,0.007147431,1700,180,3,3100,280,3,0.60077386,0.006456414
23,5,Kim,2017,ATMOSPHERIC ENVIRONMENT,3,South Korea,Asia,128.4333333,36.83333333,13.2,1515.5,1.3346,1.256,38.375,21.25,14.2,10.92307692,7.4,maize,0,mixture,152.00 ,17.40 ,incorporated,late,0.88,0.11,3,3.237142857,0.172857143,3,1.302524478,0.006158784,1700,180,3,3500,150,3,0.722134717,0.004349269
24,5,Kim,2017,ATMOSPHERIC ENVIRONMENT,3,South Korea,Asia,128.4333333,36.83333333,13.2,1515.5,1.3346,1.256,38.375,21.25,14.2,10.92307692,7.4,maize,0,mixture,304.00 ,17.40 ,incorporated,late,0.88,0.11,3,6.757142857,0.282857143,3,2.038433518,0.005792433,1700,180,3,4600,120,3,0.995428052,0.003963867
25,5,Kim,2017,ATMOSPHERIC ENVIRONMENT,3,South Korea,Asia,128.4333333,36.83333333,13.2,1515.5,1.3346,1.256,38.375,21.25,14.2,10.92307692,7.4,maize,0,mixture,76.00 ,17.40 ,incorporated,late,1.052857143,0.094285714,3,2.278571429,0.251428571,3,0.772041123,0.006731861,2100,130,3,4900,170,3,0.84729786,0.001678622
26,5,Kim,2017,ATMOSPHERIC ENVIRONMENT,3,South Korea,Asia,128.4333333,36.83333333,13.2,1515.5,1.3346,1.256,38.375,21.25,14.2,10.92307692,7.4,maize,0,mixture,152.00 ,17.40 ,incorporated,late,1.052857143,0.094285714,3,4.038571429,0.392857143,3,1.344383465,0.005827425,2100,130,3,5300,230,3,0.925769476,0.001905144
27,5,Kim,2017,ATMOSPHERIC ENVIRONMENT,3,South Korea,Asia,128.4333333,36.83333333,13.2,1515.5,1.3346,1.256,38.375,21.25,14.2,10.92307692,7.4,maize,0,mixture,304.00 ,17.40 ,incorporated,late,1.052857143,0.094285714,3,8.831428571,0.22,3,2.12680923,0.002880054,2100,130,3,5900,190,3,1.033015006,0.001623086
28,5,Kim,2017,ATMOSPHERIC ENVIRONMENT,3,South Korea,Asia,128.4333333,36.83333333,13.2,1515.5,1.3346,1.256,38.375,21.25,14.2,10.92307692,7.4,maize,0,mixture,76.00 ,17.40 ,incorporated,late,1.194285714,0.11,3,2.231428571,0.141428571,3,0.625093717,0.004166813,1500,110,3,2800,150,3,0.624154309,0.002749225
29,5,Kim,2017,ATMOSPHERIC ENVIRONMENT,3,South Korea,Asia,128.4333333,36.83333333,13.2,1515.5,1.3346,1.256,38.375,21.25,14.2,10.92307692,7.4,maize,0,mixture,152.00 ,17.40 ,incorporated,late,1.194285714,0.11,3,3.771428571,0.172857143,3,1.149905583,0.003528025,1500,110,3,3000,190,3,0.693147181,0.00312963
30,5,Kim,2017,ATMOSPHERIC ENVIRONMENT,3,South Korea,Asia,128.4333333,36.83333333,13.2,1515.5,1.3346,1.256,38.375,21.25,14.2,10.92307692,7.4,maize,0,mixture,304.00 ,17.40 ,incorporated,late,1.194285714,0.11,3,6.631428571,0.141428571,3,1.714271974,0.002979407,1500,110,3,4300,220,3,1.053149915,0.002665136
31,5,Kim,2017,ATMOSPHERIC ENVIRONMENT,3,South Korea,Asia,128.4333333,36.83333333,13.2,1515.5,1.3346,1.256,38.375,21.25,14.2,10.92307692,7.4,maize,0,mixture,76.00 ,17.40 ,incorporated,late,1.382857143,0.157142857,3,2.86,0.172857143,3,0.726669872,0.005522055,1800,100,3,4400,260,3,0.893817876,0.002192718
32,5,Kim,2017,ATMOSPHERIC ENVIRONMENT,3,South Korea,Asia,128.4333333,36.83333333,13.2,1515.5,1.3346,1.256,38.375,21.25,14.2,10.92307692,7.4,maize,0,mixture,152.00 ,17.40 ,incorporated,late,1.382857143,0.157142857,3,4.824285714,0.204285714,3,1.249510933,0.004902115,1800,100,3,4700,180,3,0.959775844,0.001517716
33,5,Kim,2017,ATMOSPHERIC ENVIRONMENT,3,South Korea,Asia,128.4333333,36.83333333,13.2,1515.5,1.3346,1.256,38.375,21.25,14.2,10.92307692,7.4,maize,0,mixture,304.00 ,17.40 ,incorporated,late,1.382857143,0.157142857,3,8.375714286,0.22,3,1.80118461,0.004534383,1800,100,3,5200,230,3,1.060871961,0.001680927
34,6,Haque,2016,SOIL USE AND MANAGEMENT,3,South Korea,Asia,128.4333333,36.83333333,13.2,1515.5,1.3346,1.322,38.375,21.08333333,11.83294664,16.90420949,6.2,rice,90,mixture,,,incorporated,mid,0.52,0.186906459,3,0.74,0.265982268,3,0.352821375,0.086129251,5500,721.0126518,3,8700,1140.510922,3,0.458574933,0.011456953
35,6,Haque,2016,SOIL USE AND MANAGEMENT,3,South Korea,Asia,128.4333333,36.83333333,13.2,1515.5,1.3346,1.322,38.375,21.08333333,11.83294664,16.90420949,6.2,rice,90,mixture,,,incorporated,mid,0.52,0.186906459,3,1.2,0.431322597,3,0.836248024,0.086129251,5500,721.0126518,3,7300,956.9804287,3,0.283126256,0.011456953
36,6,Haque,2016,SOIL USE AND MANAGEMENT,3,South Korea,Asia,128.4333333,36.83333333,13.2,1515.5,1.3346,1.322,38.375,21.08333333,11.83294664,16.90420949,6.2,rice,90,mixture,,,incorporated,mid,0.52,0.186906459,3,2.04,0.733248416,3,1.366876275,0.086129252,5500,721.0126518,3,6700,878.3245031,3,0.197359434,0.011456953
37,6,Haque,2016,SOIL USE AND MANAGEMENT,3,South Korea,Asia,128.4333333,36.83333333,13.2,1515.5,1.3346,1.322,38.375,21.08333333,11.83294664,16.90420949,6.2,rice,90,mixture,,,incorporated,mid,0.73,0.262387913,3,1.11,0.398973403,3,0.41907076,0.086129251,5300,694.7940099,3,8500,1114.29228,3,0.472359343,0.011456953
38,6,Haque,2016,SOIL USE AND MANAGEMENT,3,South Korea,Asia,128.4333333,36.83333333,13.2,1515.5,1.3346,1.322,38.375,21.08333333,11.83294664,16.90420949,6.2,rice,90,mixture,,,incorporated,mid,0.73,0.262387913,3,2.34,0.841079065,3,1.164861674,0.086129251,5300,694.7940099,3,7300,956.9804287,3,0.320167528,0.011456953
39,6,Haque,2016,SOIL USE AND MANAGEMENT,3,South Korea,Asia,128.4333333,36.83333333,13.2,1515.5,1.3346,1.322,38.375,21.08333333,11.83294664,16.90420949,6.2,rice,90,mixture,,,incorporated,mid,0.73,0.262387913,3,2.99,1.074712139,3,1.409984132,0.086129251,5300,694.7940099,3,6600,865.2151821,3,0.219362828,0.011456953
40,7,Haque,2015,PLANT AND SOIL,3,South Korea,Asia,128.4333333,36.83333333,13.2,1515.5,1.3346,1.33,38.375,21.08333333,11.83294664,16.90420949,6.2,rice,90,mixture,235.71 ,20.60 ,incorporated,mid,0.89,0.319897593,3,1.2,0.431322597,3,0.298855373,0.086129251,5300,694.7940099,3,6700,878.3245031,3,0.234400706,0.011456953
41,7,Haque,2015,PLANT AND SOIL,3,South Korea,Asia,128.4333333,36.83333333,13.2,1515.5,1.3346,1.33,38.375,21.08333333,11.83294664,16.90420949,6.2,rice,90,mixture,235.71 ,20.60 ,incorporated,mid,0.9,0.323491948,3,1.19,0.427728242,3,0.279313823,0.086129251,5200,681.6846889,3,6700,878.3245031,3,0.253448901,0.011456953
42,8,Chae,2022,AGRICULTURE ECOSYSTEMS & ENVIRONMENT,3,South Korea,Asia,128.4333333,36.83333333,13.2,1515.5,1.3346,1.214,38.375,21.08333333,14.6,10.42857143,6.9,maize,186,mixture,181.80 ,21.67 ,incorporated,late,4.512244898,0.246938776,3,3.726530612,1.436734694,3,-0.19131712,0.050545913,3474.576271,508.4745763,3,2881.355932,169.4915254,3,-0.187211542,0.008292011
43,8,Chae,2022,AGRICULTURE ECOSYSTEMS & ENVIRONMENT,3,South Korea,Asia,128.4333333,36.83333333,13.2,1515.5,1.3346,1.214,38.375,21.08333333,14.6,10.42857143,6.9,maize,186,mixture,181.80 ,21.67 ,incorporated,late,4.624489796,0.965306122,3,3.83877551,0.875510204,3,-0.186212612,0.0318625,13305.08475,338.9830508,3,11694.91525,338.9830508,3,-0.128992121,0.000496424
44,8,Chae,2022,AGRICULTURE ECOSYSTEMS & ENVIRONMENT,3,South Korea,Asia,128.4333333,36.83333333,13.2,1515.5,1.3346,1.214,38.375,21.08333333,14.6,10.42857143,6.9,maize,186,mixture,59.85 ,52.63 ,incorporated,late,4.085714286,0.246938776,3,3.457142857,0.381632653,3,-0.167054085,0.005279602,9237.288136,338.9830508,3,5423.728814,169.4915254,3,-0.532464799,0.000774417
45,8,Chae,2022,AGRICULTURE ECOSYSTEMS & ENVIRONMENT,3,South Korea,Asia,128.4333333,36.83333333,13.2,1515.5,1.3346,1.214,38.375,21.08333333,14.6,10.42857143,6.9,maize,186,mixture,59.85 ,52.63 ,incorporated,late,4.646938776,1.07755102,3,4.040816327,0.718367347,3,-0.139761942,0.028458385,17881.35593,338.9830508,3,10000,423.7288136,3,-0.581173509,0.000718281
46,9,Raheem,2019,GEODERMA,4,China,Asia,111.8666667,26.75,17.8125,1375,1.1817,1.282,32.875,27.375,11.65893271,12.4031199,6.5,rice,70.38,non-legume,32.53 ,27.20 ,incorporated,early,0.69,0.415692194,3,0.4,0.173205081,3,-0.54522705,0.183482987,5520,0,3,6080,70.54642939,3,0.096626836,4.48768E-05
47,9,Raheem,2019,GEODERMA,4,China,Asia,111.8666667,26.75,17.8125,1375,1.1817,1.282,32.875,27.375,11.65893271,12.4031199,6.5,rice,70.38,legume,50.13 ,11.13 ,incorporated,early,0.69,0.415692194,3,0.43,0.225166605,3,-0.472906389,0.212383744,5520,0,3,6728.89,187.3039743,3,0.198032337,0.000258277
48,9,Raheem,2019,GEODERMA,4,China,Asia,111.8666667,26.75,17.8125,1375,1.1817,1.282,32.875,27.375,11.65893271,12.4031199,6.5,rice,70.38,non-legume,22.98 ,23.70 ,incorporated,early,0.69,0.415692194,3,0.25,0.017320508,3,-1.01523068,0.122582987,5520,0,3,6426.67,53.32984437,3,0.152078659,2.29534E-05
49,10,Xue,2013,APPLIED AND ENVIRONMENTAL MICROBIOLOGY,5,United States,North America,-85.4,42.4,9.933333333,971.4,0.8146,1.546,53,14,8.098793502,12.3457218,6.516,maize,123,legume,,,incorporated,late,0.968515625,0.348118896,6,0.371953125,0.133693157,6,-0.956996778,0.043064626,5276.7,1235.032728,6,5079.7,353.7063189,6,-0.038048698,0.0099383
50,11,Preza-Fontes,2022,AGRICULTURE ECOSYSTEMS & ENVIRONMENT,6,United States,North America,-89.11194444,39.44888889,11.6,1043,0.793,1.346,11,31,20.30162413,14.81870374,6.2,maize,224,non-legume,9.69 ,12.00 ,surface,mid,13.98571429,5.026962177,4,21.37142857,7.681650068,4,0.424018516,0.064596939,12608.33333,1652.866882,4,12844.44444,1683.819445,4,0.018553408,0.008592715
51,11,Preza-Fontes,2022,AGRICULTURE ECOSYSTEMS & ENVIRONMENT,6,United States,North America,-89.11194444,39.44888889,11.6,1043,0.793,1.346,11,31,20.30162413,14.81870374,6.2,maize,224,non-legume,15.36 ,33.00 ,surface,early,14.92857143,5.365858503,4,18.38571429,6.608478367,4,0.208297043,0.064596939,11535.71429,1512.253809,4,11050,1448.579964,4,-0.043017385,0.008592715
52,11,Preza-Fontes,2022,AGRICULTURE ECOSYSTEMS & ENVIRONMENT,6,United States,North America,-89.11194444,39.44888889,11.6,1043,0.793,1.346,11,31,20.30162413,14.81870374,6.2,maize,224,non-legume,19.80 ,22.00 ,surface,early,15.71428571,5.648272109,4,19.01428571,6.834409252,4,0.19062036,0.064596939,10625,1392.86535,4,10285,1348.293659,4,-0.032523192,0.008592715
53,12,Li,2015,AGRICULTURE ECOSYSTEMS & ENVIRONMENT,7,Denmark,Europe,9.566666667,56.5,7.3,704,1.0044,1.38,79.4,8.6,10.44083527,6.525522042,6.4,others,80,legume,41.00 ,,removed,early,0.088,0.031630324,3,0.348857143,0.125391641,3,1.377325692,0.086129252,2700,353.9516654,3,4000,524.3728377,3,0.393042588,0.011456953
54,12,Li,2015,AGRICULTURE ECOSYSTEMS & ENVIRONMENT,7,Denmark,Europe,9.566666667,56.5,7.3,704,1.0044,1.38,79.4,8.6,10.44083527,6.525522042,6.4,others,80,mixture,32.00 ,,removed,early,0.088,0.031630324,3,0.458857143,0.164929546,3,1.651402112,0.086129252,2700,353.9516654,3,4000,524.3728377,3,0.393042588,0.011456953
55,12,Li,2015,AGRICULTURE ECOSYSTEMS & ENVIRONMENT,7,Denmark,Europe,9.566666667,56.5,7.3,704,1.0044,1.38,79.4,8.6,10.44083527,6.525522042,6.4,others,80,legume,32.00 ,,removed,early,0.088,0.031630324,3,0.238857143,0.085853736,3,0.998528831,0.086129252,2700,353.9516654,3,3300,432.6075911,3,0.200670695,0.011456953
56,12,Li,2015,AGRICULTURE ECOSYSTEMS & ENVIRONMENT,7,Denmark,Europe,9.566666667,56.5,7.3,704,1.0044,1.38,79.4,8.6,10.44083527,6.525522042,6.4,others,80,non-legume,23.00 ,,removed,early,0.088,0.031630324,3,0.587714286,0.211245377,3,1.898904107,0.086129252,2700,353.9516654,3,2800,367.0609864,3,0.036367644,0.011456953
57,12,Li,2015,AGRICULTURE ECOSYSTEMS & ENVIRONMENT,7,Denmark,Europe,9.566666667,56.5,7.3,704,1.0044,1.38,79.4,8.6,10.44083527,6.525522042,6.4,others,80,non-legume,26.00 ,,removed,early,0.088,0.031630324,3,0.158714286,0.057047548,3,0.589768828,0.086129251,2700,353.9516654,3,2700,353.9516654,3,0,0.011456953
58,12,Li,2015,AGRICULTURE ECOSYSTEMS & ENVIRONMENT,7,Denmark,Europe,9.566666667,56.5,7.3,704,1.0044,1.38,79.4,8.6,10.44083527,6.525522042,6.4,others,80,legume,107.00 ,,incorporated,late,0.315857143,0.113530269,3,0.539,0.193735733,3,0.534425539,0.086129251,2800,367.0609864,3,4500,589.9194424,3,0.47445798,0.011456953
59,12,Li,2015,AGRICULTURE ECOSYSTEMS & ENVIRONMENT,7,Denmark,Europe,9.566666667,56.5,7.3,704,1.0044,1.38,79.4,8.6,10.44083527,6.525522042,6.4,others,80,mixture,91.00 ,,incorporated,late,0.315857143,0.113530269,3,0.716571429,0.257561208,3,0.819187902,0.086129251,2800,367.0609864,3,4500,589.9194424,3,0.47445798,0.011456953
60,12,Li,2015,AGRICULTURE ECOSYSTEMS & ENVIRONMENT,7,Denmark,Europe,9.566666667,56.5,7.3,704,1.0044,1.38,79.4,8.6,10.44083527,6.525522042,6.4,others,80,legume,99.00 ,,incorporated,late,0.315857143,0.113530269,3,0.378714286,0.136123358,3,0.181492026,0.086129251,2800,367.0609864,3,4100,537.4821586,3,0.381367557,0.011456953
61,12,Li,2015,AGRICULTURE ECOSYSTEMS & ENVIRONMENT,7,Denmark,Europe,9.566666667,56.5,7.3,704,1.0044,1.38,79.4,8.6,10.44083527,6.525522042,6.4,others,80,non-legume,55.00 ,,incorporated,late,0.315857143,0.113530269,3,0.612857143,0.220282612,3,0.662841831,0.086129251,2800,367.0609864,3,2600,340.8423445,3,-0.074107972,0.011456953
62,12,Li,2015,AGRICULTURE ECOSYSTEMS & ENVIRONMENT,7,Denmark,Europe,9.566666667,56.5,7.3,704,1.0044,1.38,79.4,8.6,10.44083527,6.525522042,6.4,others,80,non-legume,66.00 ,,incorporated,late,0.315857143,0.113530269,3,0.315857143,0.113530269,3,0,0.086129251,2800,367.0609864,3,3300,432.6075911,3,0.164303051,0.011456953
63,13,Behnke,2019,FIELD CROPS RESEARCH,8,United States,North America,-88.38694444,40.10361111,10.85833359,996,0.8283,1.308,12,31.125,21.96037123,15.29273763,6.564,maize,190,non-legume,,,incorporated,early,0.99,0.355841143,4,1.304285714,0.468806585,4,0.275705881,0.064596939,8700,1140.510922,4,8840,1158.863971,4,0.015963851,0.008592715
64,13,Behnke,2019,FIELD CROPS RESEARCH,8,United States,North America,-88.38694444,40.10361111,10.85833359,996,0.8283,1.308,12,31.125,21.96037123,15.29273763,6.564,maize,190,legume,,,incorporated,early,0.99,0.355841143,4,1.084285714,0.389730776,4,0.090971778,0.064596939,8700,1140.510922,4,8600,1127.401601,4,-0.011560822,0.008592715
65,13,Behnke,2019,FIELD CROPS RESEARCH,8,United States,North America,-88.38694444,40.10361111,10.85833359,996,0.8283,1.308,12,31.125,21.96037123,15.29273763,6.564,maize,190,non-legume,,,incorporated,early,0.99,0.355841143,4,0.99,0.355841143,4,0,0.064596939,8700,1140.510922,4,8820,1156.242107,4,0.013698844,0.008592715
66,13,Behnke,2019,FIELD CROPS RESEARCH,8,United States,North America,-88.38694444,40.10361111,10.85833359,996,0.8283,1.308,12,31.125,21.96037123,15.29273763,6.564,maize,190,non-legume,,,incorporated,early,0.99,0.355841143,4,1.178571429,0.423620408,4,0.174353388,0.064596939,8700,1140.510922,4,7630,1000.241188,4,-0.13123518,0.008592715
67,13,Behnke,2019,FIELD CROPS RESEARCH,8,United States,North America,-88.38694444,40.10361111,10.85833359,996,0.8283,1.308,12,31.125,21.96037123,15.29273763,6.564,maize,190,legume,,,incorporated,early,0.99,0.355841143,4,1.288571429,0.463158313,4,0.263584521,0.064596939,8700,1140.510922,4,8460,1109.048552,4,-0.027973852,0.008592715
68,14,Parkin,2016,SOIL SCIENCE SOCIETY OF AMERICA JOURNAL,9,United States,North America,-93.71,42.05,9.5,886,0.7094,1.22,36.2,28.9,24.5,12.89473684,6.658,maize,230.4,non-legume,48.50 ,,surface,mid,12.65,3.802857143,4,16.5,4.808571429,4,0.265703166,0.043825917,13280,1740.917821,4,13310,1744.850617,4,0.002256488,0.008592715
69,14,Parkin,2016,SOIL SCIENCE SOCIETY OF AMERICA JOURNAL,9,United States,North America,-93.71,42.05,9.5,886,0.7094,1.22,36.2,28.9,24.5,12.89473684,6.658,soybean,0,non-legume,75.10 ,,surface,mid,6.71,0.44,4,6.882857143,0.392857143,4,0.025434897,0.001889444,4470,585.9866461,4,4150,544.0368191,4,-0.074280074,0.008592715
70,14,Parkin,2016,SOIL SCIENCE SOCIETY OF AMERICA JOURNAL,9,United States,North America,-93.71,42.05,9.5,886,0.7094,1.22,36.2,28.9,24.5,12.89473684,6.658,maize,186.3,non-legume,80.50 ,,surface,mid,12.32,1.288571429,4,9.915714286,1.43,4,-0.217103158,0.007934393,13450,1763.203667,4,13150,1723.875704,4,-0.022557347,0.008592715
71,14,Parkin,2016,SOIL SCIENCE SOCIETY OF AMERICA JOURNAL,9,United States,North America,-93.71,42.05,9.5,886,0.7094,1.22,36.2,28.9,24.5,12.89473684,6.658,soybean,0,non-legume,17.30 ,,surface,mid,8.407142857,2.671428571,4,6.568571429,0.754285714,4,-0.246785314,0.028539007,2250,294.9597212,4,2010,263.4973509,4,-0.112795494,0.008592715
72,14,Parkin,2016,SOIL SCIENCE SOCIETY OF AMERICA JOURNAL,9,United States,North America,-93.71,42.05,9.5,886,0.7094,1.22,36.2,28.9,24.5,12.89473684,6.658,maize,167,non-legume,45.20 ,,surface,early,13.04285714,1.555714286,4,10.85857143,1.178571429,4,-0.183285877,0.006501901,13250,1736.985025,4,13510,1771.069259,4,0.0194326,0.008592715
73,14,Parkin,2016,SOIL SCIENCE SOCIETY OF AMERICA JOURNAL,9,United States,North America,-93.71,42.05,9.5,886,0.7094,1.22,36.2,28.9,24.5,12.89473684,6.658,soybean,0,non-legume,13.70 ,,surface,late,10.90571429,4.305714286,4,8.501428571,1.037142857,4,-0.249052682,0.042690038,2410,315.9346347,4,2410,315.9346347,4,0,0.008592715
74,14,Parkin,2016,SOIL SCIENCE SOCIETY OF AMERICA JOURNAL,9,United States,North America,-93.71,42.05,9.5,886,0.7094,1.22,36.2,28.9,24.5,12.89473684,6.658,maize,169.9,non-legume,47.70 ,,surface,mid,19.64285714,2.184285714,4,15.69857143,5.154285714,4,-0.224144051,0.030041233,11140,1460.378353,4,11130,1459.067421,4,-0.000898069,0.008592715
75,14,Parkin,2016,SOIL SCIENCE SOCIETY OF AMERICA JOURNAL,9,United States,North America,-93.71,42.05,9.5,886,0.7094,1.22,36.2,28.9,24.5,12.89473684,6.658,soybean,0,non-legume,48.30 ,,surface,mid,6.301428571,4.085714286,4,5.232857143,1.178571429,4,-0.185818937,0.117780449,3620,474.5574181,4,3580,469.3136897,4,-0.011111225,0.008592715
76,14,Parkin,2016,SOIL SCIENCE SOCIETY OF AMERICA JOURNAL,9,United States,North America,-93.71,42.05,9.5,886,0.7094,1.22,36.2,28.9,24.5,12.89473684,6.658,maize,196.1,non-legume,32.00 ,,surface,early,3.614285714,1.43,4,3.787142857,1.634285714,4,0.046717625,0.085690833,11780,1544.278007,4,11180,1465.622081,4,-0.05227671,0.008592715
77,14,Parkin,2016,SOIL SCIENCE SOCIETY OF AMERICA JOURNAL,9,United States,North America,-93.71,42.05,9.5,886,0.7094,1.22,36.2,28.9,24.5,12.89473684,6.658,soybean,0,non-legume,22.20 ,,surface,mid,2.42,0.974285714,4,1.602857143,0.094285714,4,-0.411979789,0.041386219,2960,388.0358999,4,2990,391.9686961,4,0.010084119,0.008592715
78,15,O¡¯Brien,2022,JOURNAL OF ENVIRONMENTAL QUALITY,9,United States,North America,-93.71,42.05,9.5,886,0.7094,1.422,41.375,23.625,14.39303944,12.9745719,6.62,maize,197,non-legume,5.30 ,,incorporated,early,3.256578947,1.170530075,4,3.670112782,1.319168815,4,0.119545151,0.064596939,12000,500,4,11600,700,4,-0.033901552,0.001344402
79,15,O¡¯Brien,2022,JOURNAL OF ENVIRONMENTAL QUALITY,9,United States,North America,-93.71,42.05,9.5,886,0.7094,1.422,41.375,23.625,14.39303944,12.9745719,6.62,maize,197,non-legume,31.70 ,,surface,early,3.308270677,1.189109918,4,3.566729323,1.28200913,4,0.075223421,0.064596939,11800,600,4,11200,600,4,-0.052185753,0.00136384
80,15,O¡¯Brien,2022,JOURNAL OF ENVIRONMENTAL QUALITY,9,United States,North America,-93.71,42.05,9.5,886,0.7094,1.422,41.375,23.625,14.39303944,12.9745719,6.62,soybean,0,non-legume,4.50 ,,incorporated,mid,0.723684211,0.260117794,4,0.723684211,0.260117794,4,0,0.064596938,2800,200,4,2800,400,4,0,0.006377551
81,15,O¡¯Brien,2022,JOURNAL OF ENVIRONMENTAL QUALITY,9,United States,North America,-93.71,42.05,9.5,886,0.7094,1.422,41.375,23.625,14.39303944,12.9745719,6.62,soybean,0,non-legume,22.20 ,,surface,mid,1.447368421,0.520235589,4,0.723684211,0.260117794,4,-0.69314718,0.064596938,3000,300,4,3000,300,4,0,0.005
82,15,O¡¯Brien,2022,JOURNAL OF ENVIRONMENTAL QUALITY,9,United States,North America,-93.71,42.05,9.5,886,0.7094,1.422,41.375,23.625,14.39303944,12.9745719,6.62,maize,198,non-legume,12.70 ,,incorporated,late,6.151315789,2.211001253,4,5.892857143,2.118102041,4,-0.042925045,0.064596939,13800,300,4,13400,400,4,-0.029413885,0.000340914
83,15,O¡¯Brien,2022,JOURNAL OF ENVIRONMENTAL QUALITY,9,United States,North America,-93.71,42.05,9.5,886,0.7094,1.422,41.375,23.625,14.39303944,12.9745719,6.62,maize,198,non-legume,17.00 ,,surface,early,6.978383459,2.508278733,4,3.928571429,1.412068027,4,-0.574541438,0.064596939,12500,200,4,12500,400,4,0,0.00032
84,16,Lee,2021,ENVIRONMENTAL POLLUTION,10,South Korea,Asia,128.8085556,35.44977778,13.15416622,1251,1.0934,1.2,42.2,18.5,7.22,4.658064516,6.95,maize,186,non-legume,13.50 ,40.30 ,incorporated,early,7.15,2.56996381,4,4.13,1.484468606,4,-0.54883495,0.064596939,6340,831.1309477,4,2250,294.9597212,4,-1.035948552,0.008592715
85,16,Lee,2021,ENVIRONMENTAL POLLUTION,10,South Korea,Asia,128.8085556,35.44977778,13.15416622,1251,1.0934,1.2,42.2,18.5,7.22,4.658064516,6.95,maize,186,legume,85.60 ,18.08 ,incorporated,early,7.15,2.56996381,4,5.39,1.937357333,4,-0.282566972,0.064596939,6340,831.1309477,4,3420,448.3387762,4,-0.617238217,0.008592715
86,16,Lee,2021,ENVIRONMENTAL POLLUTION,10,South Korea,Asia,128.8085556,35.44977778,13.15416622,1251,1.0934,1.2,42.2,18.5,7.22,4.658064516,6.95,maize,186,mixture,74.00 ,19.92 ,incorporated,early,7.15,2.56996381,4,4.6,1.65340329,4,-0.441056053,0.064596939,6340,831.1309477,4,3720,487.666739,4,-0.5331551,0.008592715
87,16,Lee,2021,ENVIRONMENTAL POLLUTION,10,South Korea,Asia,128.8085556,35.44977778,13.15416622,1251,1.0934,1.2,42.2,18.5,7.22,4.658064516,6.95,maize,186,non-legume,63.00 ,19.86 ,incorporated,late,5.44,1.955329108,4,4.4,1.58151619,4,-0.21217452,0.064596939,7300,956.9804287,4,2030,266.1192151,4,-1.279838555,0.008592715
88,16,Lee,2021,ENVIRONMENTAL POLLUTION,10,South Korea,Asia,128.8085556,35.44977778,13.15416622,1251,1.0934,1.2,42.2,18.5,7.22,4.658064516,6.95,maize,186,legume,162.00 ,10.48 ,incorporated,late,5.44,1.955329108,4,5.49,1.973300883,4,0.009149195,0.064596939,7300,956.9804287,4,4830,633.1802015,4,-0.41302788,0.008592715
89,16,Lee,2021,ENVIRONMENTAL POLLUTION,10,South Korea,Asia,128.8085556,35.44977778,13.15416622,1251,1.0934,1.2,42.2,18.5,7.22,4.658064516,6.95,maize,186,mixture,98.00 ,18.91 ,incorporated,late,5.44,1.955329108,4,4.24,1.524006511,4,-0.249215792,0.064596939,7300,956.9804287,4,3140,411.6326776,4,-0.843651548,0.008592715
90,17,Han,2017,AGRICULTURE ECOSYSTEMS & ENVIRONMENT,11,United States,North America,-77.03533333,42.67333333,9,819,0.8142,1.408,27,23.25,16.25491879,12.77902421,6.76,maize,176.2,legume,,,incorporated,early,5.022128571,0.173106106,3,5.247,0.995360112,3,0.043802623,0.012391495,8532.81,1118.593448,3,7577.115,993.3083234,3,-0.118786212,0.011456953
91,17,Han,2017,AGRICULTURE ECOSYSTEMS & ENVIRONMENT,11,United States,North America,-77.03533333,42.67333333,9,819,0.8142,1.408,27,23.25,16.25491879,12.77902421,6.76,maize,176.2,legume,,,incorporated,early,2.2737,0.476041793,3,4.522414286,1.428125378,3,0.687637525,0.047852505,8367.19,1096.881791,3,7666.685,1005.050342,3,-0.087433787,0.011456953
92,18,Preza-Fontes,2020,AGRONOMY JOURNAL,12,United States,North America,-96.58333333,39.18333333,12.7,904,0.5694,1.352,29,27,14.50116009,12.58781258,6.7,others,90,non-legume,75.50 ,39.00 ,surface,early,1.697142857,0.610013388,4,2.325714286,0.835944272,4,0.315081047,0.064596939,7329.710145,960.875227,4,5909.42029,774.6848716,4,-0.215388235,0.008592715
93,18,Preza-Fontes,2020,AGRONOMY JOURNAL,12,United States,North America,-96.58333333,39.18333333,12.7,904,0.5694,1.352,29,27,14.50116009,12.58781258,6.7,others,90,non-legume,42.30 ,24.00 ,surface,early,1.697142857,0.610013388,4,1.807142857,0.649551293,4,0.062800901,0.064596939,7329.710145,960.875227,4,6746.376812,884.4041881,4,-0.082930379,0.008592715
94,18,Preza-Fontes,2020,AGRONOMY JOURNAL,12,United States,North America,-96.58333333,39.18333333,12.7,904,0.5694,1.352,29,27,14.50116009,12.58781258,6.7,others,90,non-legume,164.80 ,45.00 ,surface,early,1.241428571,0.446213497,4,2.592857143,0.931964898,4,0.736497622,0.064596939,8039.855072,1053.970405,4,5985.507246,784.6593549,4,-0.295069969,0.008592715
95,18,Preza-Fontes,2020,AGRONOMY JOURNAL,12,United States,North America,-96.58333333,39.18333333,12.7,904,0.5694,1.352,29,27,14.50116009,12.58781258,6.7,others,90,non-legume,32.20 ,17.00 ,surface,early,1.241428571,0.446213497,4,2.011428571,0.72297883,4,0.482582412,0.064596939,8039.855072,1053.970405,4,7646.73913,1002.435574,4,-0.050131758,0.008592715
96,19,Yao,2017,SCIENCE OF THE TOTAL ENVIRONMENT,13,China,Asia,107.7333333,35.2,9.1,582.3333333,0.5029,1.328,35.125,24,8.32,8.757894737,8.11,wheat,0,legume,,,incorporated,early,0.838926174,0.301539847,3,1.097057305,0.394321339,3,0.268263987,0.086129251,2924.528302,383.3858011,3,3358.490566,440.2753071,3,0.138358433,0.011456953
97,19,Yao,2017,SCIENCE OF THE TOTAL ENVIRONMENT,13,China,Asia,107.7333333,35.2,9.1,582.3333333,0.5029,1.328,35.125,24,8.32,8.757894737,8.11,wheat,0,legume,,,incorporated,early,0.838926174,0.301539847,3,1.129323696,0.405919025,3,0.297251524,0.086129251,2924.528302,383.3858011,3,3339.622642,437.8018503,3,0.132724616,0.011456953
98,19,Yao,2017,SCIENCE OF THE TOTAL ENVIRONMENT,13,China,Asia,107.7333333,35.2,9.1,582.3333333,0.5029,1.328,35.125,24,8.32,8.757894737,8.11,wheat,0,legume,,,incorporated,early,0.838926174,0.301539847,3,0.871192566,0.313137534,3,0.037740329,0.086129251,2924.528302,383.3858011,3,2698.113208,353.7043197,3,-0.080580487,0.011456953
99,19,Yao,2017,SCIENCE OF THE TOTAL ENVIRONMENT,13,China,Asia,107.7333333,35.2,9.1,582.3333333,0.5029,1.328,35.125,24,8.32,8.757894737,8.11,wheat,108,legume,,,incorporated,early,1.161590088,0.417516711,3,1.355188436,0.48710283,3,0.15415068,0.086129251,3716.981132,487.2709859,3,3792.45283,497.1648131,3,0.020101179,0.011456953
100,19,Yao,2017,SCIENCE OF THE TOTAL ENVIRONMENT,13,China,Asia,107.7333333,35.2,9.1,582.3333333,0.5029,1.328,35.125,24,8.32,8.757894737,8.11,wheat,108,legume,,,incorporated,early,1.161590088,0.417516711,3,1.419721218,0.510298203,3,0.200670695,0.086129251,3716.981132,487.2709859,3,4207.54717,551.5808622,3,0.123968043,0.011456953
101,19,Yao,2017,SCIENCE OF THE TOTAL ENVIRONMENT,13,China,Asia,107.7333333,35.2,9.1,582.3333333,0.5029,1.328,35.125,24,8.32,8.757894737,8.11,wheat,108,legume,,,incorporated,early,1.161590088,0.417516711,3,1.193856479,0.429114398,3,0.027398974,0.086129251,3716.981132,487.2709859,3,3547.169811,465.0098749,3,-0.046761766,0.011456953
102,19,Yao,2017,SCIENCE OF THE TOTAL ENVIRONMENT,13,China,Asia,107.7333333,35.2,9.1,582.3333333,0.5029,1.328,35.125,24,8.32,8.757894737,8.11,wheat,135,legume,,,incorporated,early,1.290655653,0.463907457,3,1.387454827,0.498700516,3,0.072320662,0.086129251,4056.603774,531.793208,3,3886.792453,509.532097,3,-0.042761859,0.011456953
103,19,Yao,2017,SCIENCE OF THE TOTAL ENVIRONMENT,13,China,Asia,107.7333333,35.2,9.1,582.3333333,0.5029,1.328,35.125,24,8.32,8.757894737,8.11,wheat,135,legume,,,incorporated,early,1.290655653,0.463907457,3,1.419721218,0.510298203,3,0.09531018,0.086129251,4056.603774,531.793208,3,4132.075472,541.6870351,3,0.018433702,0.011456953
104,19,Yao,2017,SCIENCE OF THE TOTAL ENVIRONMENT,13,China,Asia,107.7333333,35.2,9.1,582.3333333,0.5029,1.328,35.125,24,8.32,8.757894737,8.11,wheat,135,legume,,,incorporated,early,1.290655653,0.463907457,3,1.193856479,0.429114398,3,-0.077961541,0.086129251,4056.603774,531.793208,3,3566.037736,467.4833317,3,-0.128891013,0.011456953
105,19,Yao,2017,SCIENCE OF THE TOTAL ENVIRONMENT,13,China,Asia,107.7333333,35.2,9.1,582.3333333,0.5029,1.328,35.125,24,8.32,8.757894737,8.11,wheat,162,legume,,,incorporated,early,1.290655653,0.463907457,3,1.484254001,0.533493576,3,0.139761942,0.086129251,4037.735849,529.3197512,3,3981.132075,521.8993809,3,-0.014117882,0.011456953
106,19,Yao,2017,SCIENCE OF THE TOTAL ENVIRONMENT,13,China,Asia,107.7333333,35.2,9.1,582.3333333,0.5029,1.328,35.125,24,8.32,8.757894737,8.11,wheat,162,legume,,,incorporated,early,1.290655653,0.463907457,3,1.484254001,0.533493576,3,0.139761942,0.086129251,4037.735849,529.3197512,3,4245.283019,556.5277758,3,0.050124387,0.011456953
107,19,Yao,2017,SCIENCE OF THE TOTAL ENVIRONMENT,13,China,Asia,107.7333333,35.2,9.1,582.3333333,0.5029,1.328,35.125,24,8.32,8.757894737,8.11,wheat,162,legume,,,incorporated,early,1.290655653,0.463907457,3,1.355188436,0.48710283,3,0.048790164,0.086129251,4037.735849,529.3197512,3,3754.716981,492.2178995,3,-0.07267119,0.011456953
108,20,Singh,2020,JOURNAL OF PLANT NUTRITION AND SOIL SCIENCE,14,United States,North America,-98.03694444,35.57305556,15.34583378,791,0.4382,1.3,18,30,13.1,13.1,6.9,others,0,legume,112.50 ,8.70 ,incorporated,early,2.272108844,0.259218488,3,3.782312925,0.377045074,3,0.509627301,0.007651086,14200,1039.230485,3,13000,692.820323,3,-0.088292607,0.002732106
109,20,Singh,2020,JOURNAL OF PLANT NUTRITION AND SOIL SCIENCE,14,United States,North America,-98.03694444,35.57305556,15.34583378,791,0.4382,1.3,18,30,13.1,13.1,6.9,others,0,non-legume,74.30 ,13.90 ,incorporated,early,2.272108844,0.259218488,3,3.482993197,0.801220782,3,0.427183632,0.021977788,14200,1039.230485,3,15200,2338.26859,3,0.068053463,0.009673605
110,20,Singh,2020,JOURNAL OF PLANT NUTRITION AND SOIL SCIENCE,14,United States,North America,-98.03694444,35.57305556,15.34583378,791,0.4382,1.3,18,30,13.1,13.1,6.9,others,0,legume,84.40 ,17.10 ,incorporated,mid,2.272108844,0.259218488,3,4.285714286,0.636263562,3,0.634578826,0.011685567,14200,1039.230485,3,13500,606.2177826,3,-0.050552279,0.002457514
111,20,Singh,2020,JOURNAL OF PLANT NUTRITION AND SOIL SCIENCE,14,United States,North America,-98.03694444,35.57305556,15.34583378,791,0.4382,1.3,18,30,13.1,13.1,6.9,others,0,non-legume,61.20 ,23.10 ,incorporated,mid,2.272108844,0.259218488,3,4.19047619,1.531745612,3,0.61210597,0.048876071,14200,1039.230485,3,15100,1472.243186,3,0.061452779,0.004954081
112,21,Kandel,2020,EXPERIMENTAL AGRICULTURE,14,United States,North America,-98.03694444,35.57305556,15.34583378,791,0.4382,1.308,31.125,25.875,13.1,13.1,7.31,wheat,0,legume,257.00 ,16.75 ,incorporated,late,0.535313752,0.618127077,3,1.873598131,0.927190616,3,1.252762968,0.526077097,3780.821918,427.081021,3,2904.109589,142.3603403,3,-0.263814591,0.005054305
113,22,Davis,2019,AGRICULTURE ECOSYSTEMS & ENVIRONMENT,15,United States,North America,-76.943,39.018,13.27083302,830,0.8139,1.25,39.33333333,18,11.89379583,10.91173929,7.18,maize,67,non-legume,30.00 ,65.30 ,surface,mid,5.550691244,1.404796968,3,4.131336406,1.053597726,3,-0.295321529,0.043030082,10393.5,1362.517272,3,6033.3,790.9246604,3,-0.543886486,0.011456953
114,22,Davis,2019,AGRICULTURE ECOSYSTEMS & ENVIRONMENT,15,United States,North America,-76.943,39.018,13.27083302,830,0.8139,1.25,39.33333333,18,11.89379583,10.91173929,7.18,maize,67,legume,102.20 ,20.80 ,surface,mid,5.550691244,1.404796968,3,7.629032258,1.887695926,3,0.318038535,0.041758844,10393.5,1362.517272,3,11492,1506.523163,3,0.10047053,0.011456953
115,22,Davis,2019,AGRICULTURE ECOSYSTEMS & ENVIRONMENT,15,United States,North America,-76.943,39.018,13.27083302,830,0.8139,1.25,39.33333333,18,11.89379583,10.91173929,7.18,maize,67,mixture,87.20 ,25.60 ,surface,mid,5.550691244,1.404796968,3,11.12672811,2.809593937,3,0.695427683,0.042604203,10393.5,1362.517272,3,9210.5,1207.434005,3,-0.120836473,0.011456953
116,22,Davis,2019,AGRICULTURE ECOSYSTEMS & ENVIRONMENT,15,United States,North America,-76.943,39.018,13.27083302,830,0.8139,1.25,39.33333333,18,11.89379583,10.91173929,7.18,maize,144,non-legume,30.00 ,65.30 ,surface,mid,8.398559424,2.195733077,3,7.025210084,1.829777564,3,-0.178555074,0.045396832,12337,1617.296925,3,11492,1506.523163,3,-0.070951736,0.011456953
117,22,Davis,2019,AGRICULTURE ECOSYSTEMS & ENVIRONMENT,15,United States,North America,-76.943,39.018,13.27083302,830,0.8139,1.25,39.33333333,18,11.89379583,10.91173929,7.18,maize,144,legume,102.20 ,20.80 ,surface,mid,8.398559424,2.195733077,3,11.35654262,2.836155224,3,0.301733826,0.043573525,12337,1617.296925,3,12506,1639.451677,3,0.013605652,0.011456953
118,22,Davis,2019,AGRICULTURE ECOSYSTEMS & ENVIRONMENT,15,United States,North America,-76.943,39.018,13.27083302,830,0.8139,1.25,39.33333333,18,11.89379583,10.91173929,7.18,maize,144,mixture,87.20 ,25.60 ,surface,mid,8.398559424,2.195733077,3,14.73709484,3.659555128,3,0.56230758,0.043338629,12337,1617.296925,3,11745.5,1539.755291,3,-0.049132689,0.011456953
119,23,Mahama,2020,SUSTAINABILITY,16,United States,North America,-96.59166667,39.19166667,12.60416698,888,0.5681,1.244,15,32,18.21345708,13.22307034,7.79,others,0,legume,175.29 ,18.28 ,surface,early,1.735119048,0.720238095,4,2.455357143,1.113095238,4,0.3471962,0.094453605,4540,595.1631707,4,6439,844.1091754,4,0.349446237,0.008592715
120,23,Mahama,2020,SUSTAINABILITY,16,United States,North America,-96.59166667,39.19166667,12.60416698,888,0.5681,1.244,15,32,18.21345708,13.22307034,7.79,others,0,legume,398.83 ,14.53 ,surface,early,1.735119048,0.720238095,4,1.735119048,0.982142857,4,0,0.123175507,4540,595.1631707,4,6228,816.4485082,4,0.316128242,0.008592715
121,23,Mahama,2020,SUSTAINABILITY,16,United States,North America,-96.59166667,39.19166667,12.60416698,888,0.5681,1.244,15,32,18.21345708,13.22307034,7.79,others,0,legume,280.61 ,13.69 ,surface,early,1.735119048,0.720238095,4,1.931547619,0.654761905,4,0.10724553,0.071803205,4540,595.1631707,4,5181,679.193918,4,0.132071076,0.008592715
122,23,Mahama,2020,SUSTAINABILITY,16,United States,North America,-96.59166667,39.19166667,12.60416698,888,0.5681,1.244,15,32,18.21345708,13.22307034,7.79,others,0,legume,55.53 ,21.28 ,surface,early,0.703624733,0.492537313,4,2.040511727,1.26652452,4,1.064710738,0.218813912,4197,550.1981999,4,6176,809.6316613,4,0.386300828,0.008592715
123,23,Mahama,2020,SUSTAINABILITY,16,United States,North America,-96.59166667,39.19166667,12.60416698,888,0.5681,1.244,15,32,18.21345708,13.22307034,7.79,others,0,legume,88.69 ,19.22 ,surface,early,0.703624733,0.492537313,4,1.26652452,0.914712154,4,0.587786665,0.252901235,4197,550.1981999,4,6238,817.7594403,4,0.396289634,0.008592715
124,23,Mahama,2020,SUSTAINABILITY,16,United States,North America,-96.59166667,39.19166667,12.60416698,888,0.5681,1.244,15,32,18.21345708,13.22307034,7.79,others,0,legume,105.35 ,17.91 ,surface,early,0.703624733,0.492537313,4,0.985074627,0.914712154,4,0.336472237,0.338061225,4197,550.1981999,4,6049,792.9828237,4,0.365522985,0.008592715
125,24,Sun,2022,AGRICULTURE ECOSYSTEMS & ENVIRONMENT,17,China,Asia,114.35,36.1,13.6,650,0.3948,1.264,39.625,19.875,9.43735499,8.135650853,8.12,others,0,non-legume,,,incorporated,early,0.801428571,0.288061878,3,1.021428571,0.367137687,3,0.242561637,0.086129252,2927.39,383.7609503,3,3002.5,393.6073613,3,0.025334034,0.011456953
126,24,Sun,2022,AGRICULTURE ECOSYSTEMS & ENVIRONMENT,17,China,Asia,114.35,36.1,13.6,650,0.3948,1.264,39.625,19.875,9.43735499,8.135650853,8.12,others,112.5,non-legume,,,incorporated,early,1.131428571,0.406675592,3,1.54,0.553530667,3,0.30830136,0.086129252,3167.6,415.2508501,3,3360.63,440.5557723,3,0.059154253,0.011456953
127,24,Sun,2022,AGRICULTURE ECOSYSTEMS & ENVIRONMENT,17,China,Asia,114.35,36.1,13.6,650,0.3948,1.264,39.625,19.875,9.43735499,8.135650853,8.12,others,168.75,non-legume,,,incorporated,early,1.854285714,0.666496109,3,1.65,0.593068571,3,-0.116724274,0.086129251,3214.84,421.4436933,3,3399.75,445.6841387,3,0.05592431,0.011456953
128,24,Sun,2022,AGRICULTURE ECOSYSTEMS & ENVIRONMENT,17,China,Asia,114.35,36.1,13.6,650,0.3948,1.264,39.625,19.875,9.43735499,8.135650853,8.12,others,225,non-legume,,,incorporated,early,2.074285714,0.745571918,3,2.278571429,0.818999456,3,0.09393182,0.086129251,3330.88,436.6557494,3,3373.93,442.299312,3,0.012841704,0.011456953
129,24,Sun,2022,AGRICULTURE ECOSYSTEMS & ENVIRONMENT,17,China,Asia,114.35,36.1,13.6,650,0.3948,1.264,39.625,19.875,9.43735499,8.135650853,8.12,others,0,non-legume,,,incorporated,mid,0.785714286,0.282413605,3,0.942857143,0.338896327,3,0.182321557,0.086129251,3628.54,475.6769541,3,3911.85,512.8169712,3,0.075180044,0.011456953
130,24,Sun,2022,AGRICULTURE ECOSYSTEMS & ENVIRONMENT,17,China,Asia,114.35,36.1,13.6,650,0.3948,1.264,39.625,19.875,9.43735499,8.135650853,8.12,others,112.5,non-legume,,,incorporated,mid,1.225714286,0.440565224,3,1.712857143,0.61566166,3,0.334639055,0.086129251,3986.31,522.5781716,3,4178.25,547.7402022,3,0.047026508,0.011456953
131,24,Sun,2022,AGRICULTURE ECOSYSTEMS & ENVIRONMENT,17,China,Asia,114.35,36.1,13.6,650,0.3948,1.264,39.625,19.875,9.43735499,8.135650853,8.12,others,168.75,non-legume,,,incorporated,mid,2.011428571,0.72297883,3,1.791428571,0.64390302,3,-0.115831816,0.086129251,4079.1,534.7423105,3,4348.75,570.0915944,3,0.064012072,0.011456953
132,24,Sun,2022,AGRICULTURE ECOSYSTEMS & ENVIRONMENT,17,China,Asia,114.35,36.1,13.6,650,0.3948,1.264,39.625,19.875,9.43735499,8.135650853,8.12,others,225,non-legume,,,incorporated,mid,2.435714286,0.875482177,3,2.765714286,0.994095891,3,0.127058878,0.086129251,4316.81,565.9044773,3,4395.01,576.1559663,3,0.017953103,0.011456953
133,25,Piccinetti,2021,GEODERMA,18,Argentina,South America,-60.85,-32.53333333,17.6,1042,0.6283,1.284,22.625,25.5,19.90552204,13.67137503,5.966,maize,0,non-legume,92.00 ,,surface,early,0.403333333,0.144972317,3,0.885238095,0.318185995,3,0.786093294,0.086129251,7267.5,952.7198994,3,7609.5,997.553777,3,0.045985113,0.011456953
134,26,Fronning,2008,AGRONOMY JOURNAL,19,United States,North America,-84.28,42.43,8.449999809,797,0.7567,1.498,49.75,17.25,10.11253828,12.27249792,7.02,soybean,199.649,non-legume,,,surface,mid,0.443416744,0.159379718,4,0.406757542,0.146203099,4,-0.086292771,0.064596938,2700,353.9516654,4,2500,327.7330235,4,-0.076961041,0.008592715
135,26,Fronning,2008,AGRONOMY JOURNAL,19,United States,North America,-84.28,42.43,8.449999809,797,0.7567,1.498,49.75,17.25,10.11253828,12.27249792,7.02,soybean,522,non-legume,,,surface,mid,1.915840798,0.688621191,4,1.525340798,0.548261629,4,-0.227938726,0.064596939,2600,340.8423445,4,2300,301.5143816,4,-0.122602322,0.008592715
136,26,Fronning,2008,AGRONOMY JOURNAL,19,United States,North America,-84.28,42.43,8.449999809,797,0.7567,1.498,49.75,17.25,10.11253828,12.27249792,7.02,soybean,200.25,non-legume,,,surface,mid,2.849534286,1.024223775,4,1.597384054,0.574156533,4,-0.578788248,0.064596939,2500,327.7330235,4,2400,314.6237026,4,-0.040821995,0.008592715
137,26,Fronning,2008,AGRONOMY JOURNAL,19,United States,North America,-84.28,42.43,8.449999809,797,0.7567,1.498,49.75,17.25,10.11253828,12.27249792,7.02,maize,171.0636706,non-legume,,,surface,mid,1.6406971,0.589724779,4,1.066518095,0.383344462,4,-0.430721987,0.064596938,14300,1874.632895,4,15600,2045.054067,4,0.087011377,0.008592715
138,26,Fronning,2008,AGRONOMY JOURNAL,19,United States,North America,-84.28,42.43,8.449999809,797,0.7567,1.498,49.75,17.25,10.11253828,12.27249792,7.02,maize,308.25,non-legume,,,surface,mid,1.929085714,0.693381884,4,1.30424381,0.468791523,4,-0.39142275,0.064596939,15600,2045.054067,4,16900,2215.475239,4,0.080042708,0.008592715
139,26,Fronning,2008,AGRONOMY JOURNAL,19,United States,North America,-84.28,42.43,8.449999809,797,0.7567,1.498,49.75,17.25,10.11253828,12.27249792,7.02,maize,163.69,non-legume,,,surface,mid,2.543210476,0.914120124,4,2.085620952,0.749646205,4,-0.19836062,0.064596939,14100,1848.414253,4,15100,1979.507462,4,0.068519946,0.008592715
140,27,Janz,2019,AGRICULTURE ECOSYSTEMS & ENVIRONMENT,20,Philippines,Asia,121.2597222,14.1625,27.4,2115,1.3536,1.085,13,54.2,18,9.677419355,5.54,rice,54,legume,145.80 ,15.63 ,incorporated,early,1.775714286,2.993973539,3,1.272857143,2.449614714,3,-0.332938664,2.182175388,5333.333333,1154.700538,3,5288.888889,692.820323,3,-0.00836825,0.021344935
141,27,Janz,2019,AGRICULTURE ECOSYSTEMS & ENVIRONMENT,20,Philippines,Asia,121.2597222,14.1625,27.4,2115,1.3536,1.085,13,54.2,18,9.677419355,5.54,rice,54,legume,148.50 ,15.63 ,incorporated,early,4.62,3.538332364,3,4.714285714,3.810511777,3,0.020202707,0.413298163,3777.777778,1000.740467,3,3733.333333,846.7803948,3,-0.011834458,0.04053953
142,27,Janz,2019,AGRICULTURE ECOSYSTEMS & ENVIRONMENT,20,Philippines,Asia,121.2597222,14.1625,27.4,2115,1.3536,1.085,13,54.2,18,9.677419355,5.54,maize,54,legume,143.10 ,15.63 ,incorporated,early,7.872857143,2.449614714,3,8.721428571,6.804485315,3,0.102362013,0.235176396,7688.888889,538.8602512,3,6977.777778,769.8003589,3,-0.097045789,0.005694168
143,27,Janz,2019,AGRICULTURE ECOSYSTEMS & ENVIRONMENT,20,Philippines,Asia,121.2597222,14.1625,27.4,2115,1.3536,1.085,13,54.2,18,9.677419355,5.54,rice,130,legume,145.80 ,15.63 ,incorporated,early,2.42,0.816538238,3,4.431428571,6.804485315,3,0.604954468,0.823875325,9733.333333,1308.66061,3,8844.444444,923.7604307,3,-0.095766905,0.009662001
144,27,Janz,2019,AGRICULTURE ECOSYSTEMS & ENVIRONMENT,20,Philippines,Asia,121.2597222,14.1625,27.4,2115,1.3536,1.085,13,54.2,18,9.677419355,5.54,rice,130,legume,148.50 ,15.63 ,incorporated,early,2.734285714,2.721794126,3,3.048571429,2.993973539,3,0.10880286,0.651795314,8311.111111,1231.680574,3,7555.555556,1077.720502,3,-0.09531018,0.014102777
145,27,Janz,2019,AGRICULTURE ECOSYSTEMS & ENVIRONMENT,20,Philippines,Asia,121.2597222,14.1625,27.4,2115,1.3536,1.085,13,54.2,18,9.677419355,5.54,maize,130,legume,143.10 ,15.63 ,incorporated,early,1.901428571,1.905255888,3,2.781428571,2.993973539,3,0.380359187,0.72090022,12577.77778,692.820323,3,11066.66667,1077.720502,3,-0.127994001,0.004172614
146,28,Xu,2017,SCIENCE OF THE TOTAL ENVIRONMENT,21,China,Asia,120.4,32.58333333,14.5,1025,0.7938,1.216,25,22.125,14.67517401,10.55767914,6.53,rice,270,legume,47.93 ,33.90 ,incorporated,early,1.88,0.15,3,2.17,0.16,3,0.143455391,0.003934172,9320,230,3,9720,310,3,0.04202299,0.000542058
147,28,Xu,2017,SCIENCE OF THE TOTAL ENVIRONMENT,21,China,Asia,120.4,32.58333333,14.5,1025,0.7938,1.216,25,22.125,14.67517401,10.55767914,6.53,rice,270,legume,47.93 ,33.90 ,incorporated,early,2.05,0.06,3,2.36,0.09,3,0.140821826,0.000770319,9410,210,3,9850,290,3,0.045698502,0.000454948
148,28,Xu,2017,SCIENCE OF THE TOTAL ENVIRONMENT,21,China,Asia,120.4,32.58333333,14.5,1025,0.7938,1.216,25,22.125,14.67517401,10.55767914,6.53,rice,270,legume,54.19 ,31.20 ,incorporated,early,1.46,0.22,3,1.6,0.13,3,0.091567194,0.00976917,9420,180,3,9760,300,3,0.035457312,0.000436644
149,28,Xu,2017,SCIENCE OF THE TOTAL ENVIRONMENT,21,China,Asia,120.4,32.58333333,14.5,1025,0.7938,1.216,25,22.125,14.67517401,10.55767914,6.53,rice,270,legume,54.19 ,31.20 ,incorporated,early,1.56,0.21,3,1.66,0.13,3,0.062131781,0.008084756,9540,240,3,9920,230,3,0.039059436,0.000390151
150,29,Saha,2021,ECOLOGICAL APPLICATIONS,22,United States,North America,-77.92888889,40.72305556,10.2,1020,0.9119,1.21,15.5,32.3,14,10,7.25,maize,0,mixture,147.00 ,,incorporated,mid,6.757142857,2.357142857,4,13.04285714,1.414285714,4,0.657640492,0.033361318,9400,700,4,10000,700,4,0.061875404,0.002611374
151,29,Saha,2021,ECOLOGICAL APPLICATIONS,22,United States,North America,-77.92888889,40.72305556,10.2,1020,0.9119,1.21,15.5,32.3,14,10,7.25,maize,280,mixture,148.00 ,,incorporated,early,6.914285714,2.828571429,4,16.81428571,0.628571429,4,0.8886392,0.042188218,9500,500,4,10700,200,4,0.118951943,0.000779865
152,30,Liu,2016,ENVIRONMENTAL SCIENCE AND POLLUTION RESEARCH,23,China,Asia,113.75,30.08333333,17.2,1446,1.0404,1.218,31.33333333,25.126,18.25,9.263959391,7.84,rice,178.245,legume,45.99 ,17.88 ,incorporated,early,1.21,0.136089706,3,0.927142857,0.027217941,3,-0.266267978,0.004503836,8790,242.4871131,3,9590,173.2050808,3,0.087106177,0.000362409
153,30,Liu,2016,ENVIRONMENTAL SCIENCE AND POLLUTION RESEARCH,23,China,Asia,113.75,30.08333333,17.2,1446,1.0404,1.218,31.33333333,25.126,18.25,9.263959391,7.84,rice,178.245,legume,52.84 ,17.88 ,incorporated,early,0.377142857,0.190525589,3,0.502857143,0.326615295,3,0.287682073,0.225694444,9120,225.166605,3,9320,173.2050808,3,0.021692825,0.000318312
154,31,Acharya,2022,SCIENTIFIC REPORTS,24,United States,North America,-103.2183333,34.59972222,13.23750019,462,0.2073,1.278,40.5,29.5,8.29,8.913978495,7.6,maize,168.1,mixture,,,surface,late,1.779171429,0.209314286,4,1.604742857,0.436071429,4,-0.103184237,0.021920746,22900,2600,4,26800,2800,4,0.157264977,0.005951562
155,31,Acharya,2022,SCIENTIFIC REPORTS,24,United States,North America,-103.2183333,34.59972222,13.23750019,462,0.2073,1.278,40.5,29.5,8.29,8.913978495,7.6,maize,168.1,non-legume,,,surface,late,1.779171429,0.209314286,4,2.476885714,0.331414286,4,0.330854244,0.007936006,22900,2600,4,25900,1800,4,0.123106058,0.004430165
156,31,Acharya,2022,SCIENTIFIC REPORTS,24,United States,North America,-103.2183333,34.59972222,13.23750019,462,0.2073,1.278,40.5,29.5,8.29,8.913978495,7.6,maize,168.1,mixture,,,surface,late,1.779171429,0.209314286,4,3.192042857,0.907028571,4,0.584513339,0.02364594,22900,2600,4,28100,3800,4,0.204632666,0.007794547
157,31,Acharya,2022,SCIENTIFIC REPORTS,24,United States,North America,-103.2183333,34.59972222,13.23750019,462,0.2073,1.278,40.5,29.5,8.29,8.913978495,7.6,others,168.1,mixture,,,surface,late,1.3431,0.593057143,4,6.000342857,2.215242857,4,1.496836235,0.082818049,24200,3200,4,29700,3000,4,0.204794413,0.006922046
158,31,Acharya,2022,SCIENTIFIC REPORTS,24,United States,North America,-103.2183333,34.59972222,13.23750019,462,0.2073,1.278,40.5,29.5,8.29,8.913978495,7.6,others,168.1,non-legume,,,surface,late,1.3431,0.593057143,4,2.8083,0.3663,4,0.737598943,0.052996772,24200,3200,4,31500,2800,4,0.263634913,0.006346595
159,31,Acharya,2022,SCIENTIFIC REPORTS,24,United States,North America,-103.2183333,34.59972222,13.23750019,462,0.2073,1.278,40.5,29.5,8.29,8.913978495,7.6,others,168.1,mixture,,,surface,late,1.3431,0.593057143,4,2.668757143,0.523285714,4,0.6866325,0.058355152,24200,3200,4,28300,2800,4,0.156509171,0.006818564
160,32,Bozal-Leorri,2023,JOURNAL OF ENVIRONMENTAL SCIENCES,25,Spain,Europe,-1.616666667,42.78333333,12.40000057,808,0.6517,1.288,38.6,29.6,12.46,8.9,8.3,wheat,0,non-legume,,,surface,early,0.8384293,0.196228134,4,0.570845481,0.053516764,4,-0.384411699,0.015891245,4505.6,457.6,4,3396.8,90.64,4,-0.282487256,0.002756743
161,32,Bozal-Leorri,2023,JOURNAL OF ENVIRONMENTAL SCIENCES,25,Spain,Europe,-1.616666667,42.78333333,12.40000057,808,0.6517,1.288,38.6,29.6,12.46,8.9,8.3,wheat,90,non-legume,,,surface,early,2.872066327,0.463811953,4,5.066253644,0.303261662,4,0.567569873,0.00741559,5822.08,397.76,4,5482.4,318.56,4,-0.060114625,0.002010954
162,32,Bozal-Leorri,2023,JOURNAL OF ENVIRONMENTAL SCIENCES,25,Spain,Europe,-1.616666667,42.78333333,12.40000057,808,0.6517,1.288,38.6,29.6,12.46,8.9,8.3,wheat,90,non-legume,,,surface,early,0.588684402,0.071355685,4,0.677879009,0.214067055,4,0.141078599,0.028603842,5397.04,238.48,4,5757.84,305.36,4,0.064711749,0.001191272
163,33,Iqbal,2015,JOURNAL OF ENVIRONMENTAL QUALITY,26,United States,North America,-93.77,42.02,9.4,872,0.7082,1.22,34,26.08333333,24,12,6.4,maize,0,non-legume,19.81 ,,surface,mid,0.202040816,0.072620641,4,0.132199546,0.04751721,4,-0.424157243,0.064596939,6120,460,4,3820,380,4,-0.471311674,0.003886275
164,33,Iqbal,2015,JOURNAL OF ENVIRONMENTAL QUALITY,26,United States,North America,-93.77,42.02,9.4,872,0.7082,1.22,34,26.08333333,24,12,6.4,maize,135,non-legume,19.81 ,,surface,mid,0.476417234,0.171241266,4,0.77324263,0.27793085,4,0.484298868,0.064596939,11630,320,4,11400,520,4,-0.019974611,0.00070943
165,33,Iqbal,2015,JOURNAL OF ENVIRONMENTAL QUALITY,26,United States,North America,-93.77,42.02,9.4,872,0.7082,1.22,34,26.08333333,24,12,6.4,maize,225,non-legume,19.81 ,,surface,mid,0.735827664,0.264482583,4,0.738321995,0.265379134,4,0.003384098,0.064596939,12440,700,4,12260,1020,4,-0.014575157,0.002522032
166,33,Iqbal,2015,JOURNAL OF ENVIRONMENTAL QUALITY,26,United States,North America,-93.77,42.02,9.4,872,0.7082,1.22,34,26.08333333,24,12,6.4,maize,0,non-legume,27.58 ,,surface,early,0.084807256,0.030482738,4,0.18707483,0.067241335,4,0.791127592,0.064596938,5500,440,4,3150,480,4,-0.557345639,0.007404989
167,33,Iqbal,2015,JOURNAL OF ENVIRONMENTAL QUALITY,26,United States,North America,-93.77,42.02,9.4,872,0.7082,1.22,34,26.08333333,24,12,6.4,maize,135,non-legume,27.58 ,,surface,early,0.23446712,0.084275806,4,0.271882086,0.097724073,4,0.1480531,0.064596939,11700,1780,4,10690,1900,4,-0.090280117,0.013683937
168,33,Iqbal,2015,JOURNAL OF ENVIRONMENTAL QUALITY,26,United States,North America,-93.77,42.02,9.4,872,0.7082,1.22,34,26.08333333,24,12,6.4,maize,225,non-legume,27.58 ,,surface,early,0.349206349,0.125517158,4,0.279365079,0.100413726,4,-0.223143552,0.064596938,11260,1420,4,10590,2000,4,-0.061346463,0.012892721
169,33,Iqbal,2015,JOURNAL OF ENVIRONMENTAL QUALITY,26,United States,North America,-93.77,42.02,9.4,872,0.7082,1.22,34,26.08333333,24,12,6.4,maize,0,non-legume,16.49 ,,surface,early,0.134693878,0.048413761,4,0.089795918,0.032275841,4,-0.405465116,0.064596939,3640,360,4,2840,120,4,-0.248179629,0.002891697
170,33,Iqbal,2015,JOURNAL OF ENVIRONMENTAL QUALITY,26,United States,North America,-93.77,42.02,9.4,872,0.7082,1.22,34,26.08333333,24,12,6.4,maize,135,non-legume,16.49 ,,surface,early,0.79569161,0.28599981,4,0.516326531,0.185586084,4,-0.432472309,0.064596939,8210,600,4,7940,1280,4,-0.033439648,0.007832321
171,33,Iqbal,2015,JOURNAL OF ENVIRONMENTAL QUALITY,26,United States,North America,-93.77,42.02,9.4,872,0.7082,1.22,34,26.08333333,24,12,6.4,maize,225,non-legume,16.49 ,,surface,early,0.760770975,0.273448094,4,0.710884354,0.255517072,4,-0.067822596,0.064596939,9960,520,4,8800,560,4,-0.12382535,0.001693837
172,34,Parkin,2006,JOURNAL OF ENVIRONMENTAL QUALITY,26,United States,North America,-93.77,42.02,9.4,872,0.7082,1.22,34,26.66666667,20.8359536,12.11392651,6.962,maize,215,non-legume,,,surface,late,12.36714286,6.238571429,4,11.97428571,3.41,4,-0.032281693,0.083891233,9833,683,4,9728,410,4,-0.010735751,0.001650252
173,34,Parkin,2006,JOURNAL OF ENVIRONMENTAL QUALITY,26,United States,North America,-93.77,42.02,9.4,872,0.7082,1.29,34,26.25,22.20542924,14.03630167,6.57,soybean,215,non-legume,,,surface,early,3.41,0.471428571,4,3.582857143,0.487142857,4,0.049448275,0.0093998,2554,364,4,2563,369,4,0.00351769,0.010260075
174,35,Dash,2017,SOIL & TILLAGE RESEARCH,27,India,Asia,86.56666667,20.73333333,26.84166718,1500,0.8884,1.41,41.20833333,25.79166667,6.7,9.305555556,6.7,rice,100,legume,,10.57 ,incorporated,mid,1.0374,0.372878385,3,1.4964,0.537859279,3,0.366344641,0.086129251,4940,647.6004545,3,5160,676.4409606,3,0.043571248,0.011456953
175,35,Dash,2017,SOIL & TILLAGE RESEARCH,27,India,Asia,86.56666667,20.73333333,26.84166718,1500,0.8884,1.41,41.20833333,25.79166667,6.7,9.305555556,6.7,rice,100,legume,,10.57 ,incorporated,mid,1.5168,0.545191763,3,1.995,0.717073818,3,0.274041198,0.086129251,4740,621.3818126,3,5250,688.2393494,3,0.102190941,0.011456953
176,35,Dash,2017,SOIL & TILLAGE RESEARCH,27,India,Asia,86.56666667,20.73333333,26.84166718,1500,0.8884,1.41,41.20833333,25.79166667,6.7,9.305555556,6.7,rice,80,legume,,10.57 ,incorporated,early,1.1661,0.419137734,3,1.6211,0.582680886,3,0.329440084,0.086129251,5070,664.6425717,3,5590,732.8110406,3,0.09763847,0.011456953
177,35,Dash,2017,SOIL & TILLAGE RESEARCH,27,India,Asia,86.56666667,20.73333333,26.84166718,1500,0.8884,1.41,41.20833333,25.79166667,6.7,9.305555556,6.7,rice,80,legume,,10.57 ,incorporated,early,1.3878,0.498824584,3,1.9173,0.68914568,3,0.323198187,0.086129251,5140,673.8190964,3,5810,761.6515467,3,0.122527491,0.011456953
178,36,Ponti,2020,AGRICULTURE ECOSYSTEMS & ENVIRONMENT,28,Argentina,South America,-58.3,-37.75,14.3,916,0.6381,1.268,43.06,22.53,26.17,13.28426396,6.3,others,96.63636364,non-legume,,,surface,late,1.189571429,0.427574199,4,1.015142857,0.364878378,4,-0.15856375,0.064596939,4500,589.9194424,4,5500,721.0126518,4,0.200670695,0.008592715
179,37,Kimaro,2016,NUTRIENT CYCLING IN AGROECOSYSTEMS,29,Tanzania,Africa,37.8,-7.25,25.55416679,1589,0.9174,1.4,67,21,27,13.5,5.7,maize,100,legume,,,incorporated,early,0.314285714,0.141428571,3,0.471428571,0.157142857,3,0.405465108,0.104537037,3479.674797,1323.681105,3,3609.756098,985.7199718,3,0.036701367,0.073091591
180,37,Kimaro,2016,NUTRIENT CYCLING IN AGROECOSYSTEMS,29,Tanzania,Africa,37.8,-7.25,25.55416679,1589,0.9174,1.4,67,21,27,13.5,5.7,maize,100,legume,,,incorporated,early,0.471428571,0.157142857,3,0.314285714,0.015714286,3,-0.405465108,0.03787037,2130.081301,506.9416998,3,1268.292683,985.7199718,3,-0.518488497,0.220227816
181,37,Kimaro,2016,NUTRIENT CYCLING IN AGROECOSYSTEMS,29,Tanzania,Africa,37.8,-7.25,25.55416679,1589,0.9174,1.4,67,21,27,13.5,5.7,maize,100,legume,,,incorporated,early,0.785714286,0.471428571,3,0.471428571,0.471428571,3,-0.510825625,0.453333333,2845.528455,281.6342777,3,2585.365854,337.9611332,3,-0.095881771,0.008961283
182,37,Kimaro,2016,NUTRIENT CYCLING IN AGROECOSYSTEMS,29,Tanzania,Africa,37.8,-7.25,25.55416679,1589,0.9174,1.4,67,21,27,13.5,5.7,maize,100,legume,,,incorporated,early,0.628571429,0.157142857,3,0.314285714,0.157142857,3,-0.693147182,0.104166667,2178.861789,478.778272,3,1723.577236,647.7588386,3,-0.234400706,0.06317571
183,38,Quesnel,2019,NUTRIENT CYCLING IN AGROECOSYSTEMS,30,Canada,North America,-74.86286111,45.54925,5.362499714,1029,1.1261,1.2,3,72,27,21.82700081,7.4,maize,155,mixture,,,incorporated,early,5.090014286,2.243057143,3,6.987985714,2.444357143,3,0.316911711,0.105517693,19287,3998,3,17654,1330,3,-0.088468907,0.016214922
184,38,Quesnel,2019,NUTRIENT CYCLING IN AGROECOSYSTEMS,30,Canada,North America,-74.86286111,45.54925,5.362499714,1029,1.1261,1.2,3,72,27,21.82700081,7.4,maize,155,mixture,,,incorporated,early,9.2598,4.2273,3,8.425842857,2.789442857,3,-0.094378937,0.106003837,20954,5664,3,17346,4270,3,-0.188967627,0.044554457
185,39,Li,2023,European Journal of Agronomy,31,United States,North America,-98.144,40.582,10.3,731,0.4684,1.25,20.82882118,25.77924347,16.2,8.288365364,6.8,maize,200,non-legume,,,surface,late,4.604285714,0.408571429,4,3.677142857,0.817142857,4,-0.224851494,0.014314252,12260,2610,4,12150,3310,4,-0.009012761,0.029884517
186,39,Li,2023,European Journal of Agronomy,31,United States,North America,-98.144,40.582,10.3,731,0.4684,1.25,20.82882118,25.77924347,16.2,8.288365364,6.8,maize,200,non-legume,,,surface,late,7.81,1.854285714,4,6.034285714,1.618571429,4,-0.257947474,0.032079325,11810,2980,4,12140,2040,4,0.027559155,0.022976744
187,39,Li,2023,European Journal of Agronomy,31,United States,North America,-98.144,40.582,10.3,731,0.4684,1.25,20.82882118,25.77924347,16.2,8.288365364,6.8,maize,200,non-legume,,,surface,late,4.84,0.958571429,4,6.49,1.477142857,4,0.29334781,0.022756914,11960,2460,4,11680,2180,4,-0.023689771,0.019285624
188,39,Li,2023,European Journal of Agronomy,31,United States,North America,-98.144,40.582,10.3,731,0.4684,1.25,20.82882118,25.77924347,16.2,8.288365364,6.8,maize,200,non-legume,,,surface,late,6.568571429,1.477142857,4,6.6,2.121428571,4,0.004773279,0.038471878,12340,2470,4,11680,2180,4,-0.054968041,0.018725194
189,40,Song,2024,"Agriculture, Ecosystems and Environment",3,South Korea,Asia,128.4333333,36.83333333,13.2,1515.5,1.3346,1.28,26,37,12.12296984,9.325361414,6.2,rice,90,mixture,149.00 ,17.00 ,incorporated,late,7.382550336,2.343666773,3,7.382550336,2.164970773,3,0,0.062259875,6815.027438,769.9532833,3,7585.647953,816.6203039,3,0.107127944,0.008117813
190,40,Song,2024,"Agriculture, Ecosystems and Environment",3,South Korea,Asia,128.4333333,36.83333333,13.2,1515.5,1.3346,1.28,26,37,12.12296984,9.325361414,6.2,rice,90,mixture,73.00 ,24.00 ,incorporated,late,7.718120805,2.450197081,3,8.389261745,2.46019406,3,0.083381609,0.062259875,6026.705426,680.8896476,3,6043.255814,650.5766456,3,0.002742411,0.008117813
191,40,Song,2024,"Agriculture, Ecosystems and Environment",3,South Korea,Asia,128.4333333,36.83333333,13.2,1515.5,1.3346,1.28,26,37,12.12296984,9.325361414,6.2,rice,90,mixture,149.00 ,17.00 ,incorporated,late,7.382550336,2.343666773,3,6.711409396,1.968155248,3,-0.09531018,0.062259875,7273.61756,821.7642222,3,7876.403546,847.9211133,3,0.079617628,0.008117813
192,40,Song,2024,"Agriculture, Ecosystems and Environment",3,South Korea,Asia,128.4333333,36.83333333,13.2,1515.5,1.3346,1.28,26,37,12.12296984,9.325361414,6.2,rice,90,mixture,73.00 ,24.00 ,incorporated,late,9.395973154,2.98284862,3,7.046979866,2.06656301,3,-0.287682072,0.062259875,5679.147287,641.6229633,3,5506.550388,592.7985162,3,-0.030862733,0.008117813
193,41,Yin,2022,Journal of Gansu Agricultural University,32,China,Asia,103.0833333,37.5,7.2,160,0.192,1.388753653,40.20827484,18.07796097,8.300464037,12.20656476,8.209469795,wheat,180,legume,,,incorporated,early,1.212,0.384761905,3,1.247,0.36568915,3,0.028468779,0.062259875,5547.95,410.95,3,7191.78,369.86,3,0.259510217,0.002710526
194,41,Yin,2022,Journal of Gansu Agricultural University,32,China,Asia,103.0833333,37.5,7.2,160,0.192,1.388753653,40.20827484,18.07796097,8.300464037,12.20656476,8.209469795,wheat,144,legume,,,incorporated,early,0.871,0.276507937,3,0.879,0.257771261,3,0.009142921,0.062259875,6657.53,410.96,3,8547.95,452.05,3,0.249942943,0.00220238
195,41,Yin,2022,Journal of Gansu Agricultural University,32,China,Asia,103.0833333,37.5,7.2,160,0.192,1.388753653,40.20827484,18.07796097,8.300464037,12.20656476,8.209469795,wheat,108,legume,,,incorporated,early,0.888,0.281904762,3,0.92,0.269794721,3,0.035401927,0.062259875,6041.1,287.67,3,7561.64,328.77,3,0.224501983,0.001385982
196,42,Bao,2018,Northwest A&F University,13,China,Asia,107.7333333,35.2,9.1,582.3333333,0.5029,1.35,35.125,24,8.52,10.92307692,8.17,wheat,150,legume,100.53 ,,incorporated,mid,0.72,0.076,4,1.06,0.071,4,0.386772975,0.003907112,5958,160,4,5383,198,4,-0.101489015,0.00051853
197,42,Bao,2018,Northwest A&F University,13,China,Asia,107.7333333,35.2,9.1,582.3333333,0.5029,1.35,35.125,24,8.52,10.92307692,8.17,wheat,150,legume,92.12 ,,incorporated,mid,0.82,0.075,4,1.15,0.131,4,0.338212881,0.005335434,5034,117,4,5387,41,4,0.067773747,0.000149529
198,42,Bao,2018,Northwest A&F University,13,China,Asia,107.7333333,35.2,9.1,582.3333333,0.5029,1.35,35.125,24,8.52,10.92307692,8.17,wheat,150,legume,13.84 ,,incorporated,mid,0.52,0.024,4,0.84,0.057,4,0.47957308,0.001683692,4513,174,4,4231,98,4,-0.064523749,0.000505751
199,42,Bao,2018,Northwest A&F University,13,China,Asia,107.7333333,35.2,9.1,582.3333333,0.5029,1.35,35.125,24,8.52,10.92307692,8.17,wheat,150,legume,10.03 ,,incorporated,mid,1.15,0.131,4,0.86,0.083,4,-0.290584832,0.005572669,3735,205,4,4052,255,4,0.081462768,0.00174323
